{
    "precision": 0.8309651362091861,
    "recall": 0.7523809523809524,
    "mAP50": 0.7978492999709883,
    "mAP50_95": 0.6299210769688153
}