{
  "precision": 0.8943080083560133,
  "recall": 0.7252820540555103,
  "mAP50": 0.8209594123837076,
  "mAP50_95": 0.6074217327454223
}
