{
    "precision": 0.9938202624982257,
    "recall": 0.9988825247125779,
    "mAP50": 0.9947530864197532,
    "mAP50_95": 0.9008107187419242
}