{
  "precision": 0.8870593491150639,
  "recall": 0.7333333333333333,
  "mAP50": 0.8063490784264739,
  "mAP50_95": 0.6245471407115681
}
