{
    "precision": 0.8784568184817007,
    "recall": 0.6285714285714286,
    "mAP50": 0.7855502381311952,
    "mAP50_95": 0.6059607877358342
}