{
  "precision": 0.7826077673399414,
  "recall": 0.7047619047619048,
  "mAP50": 0.7465353246249198,
  "mAP50_95": 0.5745321243597636
}
